{
  "Code testing": false,
  "Dataset/sentence type": 1,
  "Tokenizer parallelization": "true",
  "CPU": "Intel(R) Xeon(R) Platinum 8157 CPU @ 2.30GHz",
  "Device": "GeForce RTX 3090",
  "Random seed": 42,
  "Bert model": "bert-base-chinese",
  "Is 'BertForSequenceClassification'": false,
  "Nb of sentences for training/validation/testing": [
    864,
    5000,
    5000
  ],
  "Total grid search time (min)": 22.578488286336263,
  "Epochs": 10,
  "Max length": 256,
  "Initial learning rates": [
    2e-06,
    6e-06,
    1e-05
  ],
  "Batch sizes": [
    16,
    32
  ],
  "Drop rate": [
    0.3,
    0.5
  ],
  "Xavier initialization": false,
  "Validation f1 values": [
    [
      0.8766404199475065,
      0.8929743926460932,
      0.8689477081988379
    ],
    [
      0.8781127129750983,
      0.8838120104438641,
      0.8804861580013504
    ]
  ],
  "Corresponding epoch numbers": [
    [
      2.0,
      2.0,
      6.0
    ],
    [
      3.0,
      3.0,
      4.0
    ]
  ],
  "Best parameters (bs, lr, epoch)": [
    16,
    6e-06,
    2
  ],
  "Testing performances (acc, f1, precision, recall)": [
    0.9622,
    0.8763897972531066,
    0.8862433862433863,
    0.8667529107373868
  ]
}